ANO,Workers_Present,Posted_Speed_Limit,Injury_Severity,Weekend_Nonweekend,TimeDay,DayLight_crash,Intersate_NonInterstate,Weather,Road_Character,Road_Surface_Condition,Harmful_Event_Location,Road_Trafficway,WorkZone_Type,Predictions
1,2,60,0,1,1,1,1,2,1,2,1,2,3,0.006
2,2,45,1,1,2,1,2,2,1,1,1,2,3,0.042
3,1,60,0,1,2,1,1,1,1,1,1,2,3,0
4,1,60,0,1,3,2,1,1,1,1,1,2,1,0
5,1,60,1,1,2,2,1,2,2,2,1,2,3,0.054
6,1,60,0,1,3,2,1,2,2,2,1,2,3,0.158
7,1,45,0,1,1,1,1,2,1,2,1,2,1,0.052
8,2,70,1,1,2,1,1,1,1,1,1,2,1,0.002
9,1,45,0,1,2,1,2,1,2,1,1,2,1,0.098
10,1,45,0,1,2,2,1,1,1,1,1,2,1,0.21
11,2,70,1,2,2,1,1,1,1,1,1,2,1,0.076
12,2,60,0,1,2,2,1,1,2,1,2,2,3,0.072
13,1,35,0,2,1,1,2,1,1,1,1,2,4,0.086
14,2,60,0,1,3,2,1,2,1,2,1,2,3,0.324
15,1,60,0,2,1,1,1,1,1,1,1,2,1,0.248
16,1,60,0,1,2,2,1,1,1,1,1,2,3,0
17,1,60,1,1,2,1,1,1,1,1,1,2,3,0
18,1,60,0,1,2,1,1,1,1,1,1,2,3,0
19,2,55,1,1,2,2,2,2,3,2,1,1,4,0.274
20,1,60,0,1,1,1,1,1,1,1,1,2,3,0
21,1,60,0,2,2,1,1,1,1,1,1,2,3,0.056
22,2,45,0,1,3,2,1,1,2,1,1,2,3,0.068
23,2,60,0,1,2,1,1,1,1,1,1,2,3,0
24,1,60,1,2,2,1,1,1,1,1,1,2,3,0.056
25,2,60,0,2,1,1,1,1,1,1,1,2,3,0
26,2,60,0,2,4,2,1,1,1,1,2,2,3,0.396
27,2,60,0,2,2,1,1,1,1,1,2,2,3,0.026
28,2,60,0,1,2,1,1,1,1,1,1,2,3,0
29,1,45,0,1,4,2,1,1,1,2,1,2,1,0.116
30,2,60,0,2,4,2,1,2,2,2,2,2,3,0.526
31,2,60,0,1,1,1,1,1,2,1,1,2,3,0.088
32,2,60,0,1,3,2,1,1,1,1,1,2,3,0.016
33,2,60,0,2,3,2,1,1,1,1,1,2,2,0.206
34,1,70,1,1,2,1,1,1,1,1,1,2,4,0.074
35,1,45,0,2,2,1,1,1,1,1,1,2,1,0.08
36,1,35,0,1,1,1,2,1,1,1,1,3,2,0.34
37,2,60,0,1,2,1,1,2,1,2,1,2,3,0
38,2,60,0,2,2,1,1,2,2,2,2,2,3,0.054
39,2,60,0,1,1,1,2,1,1,1,1,2,3,0.2
40,2,60,0,1,2,1,1,1,2,1,1,2,3,0
41,2,60,1,1,3,2,1,1,2,1,1,2,3,0.098
42,2,60,1,2,3,2,1,2,1,2,1,2,3,0.23
43,1,60,0,1,1,1,1,1,1,1,1,2,3,0
44,1,30,0,1,2,1,2,1,1,1,1,2,4,0.056
45,2,60,0,1,2,1,1,1,1,1,1,2,3,0
46,1,45,0,1,1,1,2,1,3,1,1,3,4,0.29
47,2,60,1,1,2,3,1,1,1,1,1,2,3,0.05
48,2,45,0,1,2,1,2,1,1,1,1,3,3,0.052
49,2,25,0,1,1,1,2,1,1,1,1,3,4,0.108
50,2,60,0,1,2,3,1,1,1,1,1,2,1,0.138
51,2,60,0,1,2,1,1,1,1,1,1,2,2,0.028
52,1,45,0,2,2,3,1,2,1,2,2,2,1,0.218
53,2,60,1,1,4,1,1,1,1,1,1,2,3,0.018
54,1,35,0,1,1,1,2,1,1,1,1,3,3,0.006
55,1,45,0,1,1,1,2,1,1,1,1,2,1,0.002
56,2,60,0,1,3,1,1,1,1,1,1,2,1,0.056
57,2,60,0,1,2,1,1,1,1,1,1,2,3,0
58,2,60,0,1,3,2,1,1,1,1,1,2,3,0.016
59,1,70,0,1,1,1,1,1,1,1,1,2,2,0.074
60,2,60,0,1,2,1,1,1,2,1,1,2,3,0
61,1,60,0,1,3,2,1,2,1,2,1,2,3,0.232
62,2,60,0,1,2,2,1,2,1,2,2,2,1,0.044
63,2,60,0,1,4,2,1,2,1,2,1,2,3,0.426
64,2,60,0,1,2,1,1,1,1,1,1,2,3,0
65,2,60,0,1,1,1,1,1,1,1,1,2,3,0
66,2,60,0,2,3,2,1,2,1,2,1,2,3,0.23
67,2,60,0,2,1,1,1,2,1,2,1,2,3,0
68,1,60,0,2,2,1,1,2,1,2,1,2,3,0.014
69,2,65,0,2,1,1,1,2,2,2,1,2,3,0.024
70,2,60,0,1,1,1,1,2,1,2,1,2,1,0.072
71,2,60,1,1,3,2,1,1,1,1,1,2,3,0.016
72,1,60,0,1,3,2,1,1,2,1,1,2,3,0.012
73,2,60,0,1,2,3,1,2,1,2,1,2,3,0.15
74,2,60,0,1,2,2,1,1,1,1,1,2,1,0.08
75,1,60,1,1,1,1,1,2,1,1,1,2,1,0.05
76,2,60,0,1,2,1,1,1,1,1,1,2,3,0
77,2,60,0,1,1,1,1,1,1,1,1,2,3,0
78,2,60,0,1,1,1,1,1,1,1,1,2,3,0
79,1,60,0,1,1,1,1,1,1,1,1,2,4,0.324
80,2,60,0,1,2,1,1,2,1,1,1,2,1,0.03
81,2,60,1,2,4,2,1,2,1,2,1,2,1,0.238
82,2,60,0,2,1,1,1,1,1,1,1,2,3,0
83,1,60,1,1,2,3,1,2,3,1,1,2,1,0.146
84,1,35,0,1,1,1,2,2,2,2,1,3,4,0.222
85,1,60,0,1,1,1,1,1,1,1,1,2,1,0.01
86,1,60,0,1,1,1,1,1,1,1,1,2,3,0
87,1,60,0,1,3,3,1,1,1,1,1,2,2,0.126
88,1,60,1,1,1,1,1,1,3,1,2,2,3,0.202
89,2,60,0,1,2,1,1,2,1,2,1,2,3,0
90,1,45,0,1,3,2,1,1,1,1,1,2,2,0.164
91,2,60,0,1,2,1,1,1,1,1,1,2,3,0
92,1,60,0,1,2,1,1,1,1,1,1,2,1,0.008
93,1,60,0,1,1,1,1,1,1,1,1,2,1,0.01
94,2,60,0,2,4,2,1,1,1,1,1,2,3,0
95,1,60,0,1,1,1,1,1,1,1,1,2,1,0.01
96,1,60,0,1,1,1,1,1,2,1,1,2,1,0.038
97,2,55,0,1,2,1,2,1,1,1,1,2,1,0.18
98,1,60,0,1,3,2,1,1,1,1,1,2,3,0.012
99,2,60,0,1,2,1,1,1,1,1,1,2,3,0
100,1,45,0,1,1,1,2,1,1,1,1,3,3,0.022
101,1,60,1,1,1,1,1,1,1,1,1,2,3,0
102,1,45,0,1,1,1,2,1,1,1,1,2,1,0.002
103,2,45,0,1,1,1,1,1,1,1,1,2,1,0.014
104,2,60,1,2,2,1,1,1,2,1,2,2,3,0.156
105,2,45,0,1,1,1,2,2,1,2,1,2,3,0.066
106,1,55,0,1,1,1,1,2,1,1,1,2,3,0.036
107,1,60,0,1,3,2,1,1,1,1,1,2,3,0.012
108,2,60,0,1,1,1,1,1,1,1,1,2,3,0
109,2,60,1,1,2,1,1,1,1,1,1,2,4,0.014
110,2,60,0,2,2,3,1,1,2,1,1,2,3,0.132
111,2,60,1,2,3,2,1,1,1,1,1,2,3,0.062
112,2,60,0,1,1,1,1,2,1,1,1,2,3,0.044
113,2,60,0,2,1,1,1,1,1,1,2,2,3,0.118
114,2,60,0,1,2,2,1,2,1,2,1,2,3,0.062
115,1,45,0,1,2,1,2,2,1,2,1,3,1,0.21
116,1,60,0,1,1,1,1,1,2,1,1,2,1,0.038
117,2,60,0,1,4,2,1,2,1,2,1,2,3,0.426
118,2,50,0,1,4,2,1,2,1,2,2,2,3,0.182
119,2,55,0,1,2,1,1,1,1,1,1,2,3,0
120,2,60,0,1,4,2,1,2,1,2,2,2,3,0.192
121,1,25,0,1,1,1,2,1,1,1,1,3,1,0.036
122,2,60,0,1,2,1,1,1,1,1,2,2,3,0.018
123,1,45,0,1,2,1,2,1,1,1,1,2,1,0.032
124,2,70,1,1,2,1,1,1,2,1,1,2,1,0.18
125,1,45,0,2,2,1,1,1,1,1,1,2,1,0.08
126,1,35,1,1,2,1,2,1,1,1,1,2,1,0.208
127,1,45,1,1,1,1,2,1,1,2,1,3,2,0.14
128,1,70,1,1,4,2,1,1,3,1,1,2,3,0.442
129,1,70,1,1,2,1,1,1,3,1,2,2,3,0.252
130,1,35,0,1,3,2,2,1,1,1,1,1,3,0.094
131,2,60,0,1,4,2,1,2,1,2,2,2,3,0.192
132,2,25,0,1,2,1,2,1,1,1,1,3,4,0.158
133,1,45,0,1,1,1,2,1,1,1,1,3,3,0.022
134,1,35,0,1,2,1,2,1,1,1,1,3,1,0.23
135,1,55,0,1,1,1,1,1,1,2,2,2,1,0.25
136,1,60,0,1,2,1,1,2,2,1,1,2,3,0.058
137,2,60,0,2,2,1,1,2,1,1,2,2,3,0.014
138,2,60,1,1,2,3,1,1,1,1,1,2,3,0.05
139,1,60,1,2,1,1,1,1,1,1,1,2,4,0.362
140,1,60,0,1,2,1,1,1,1,1,1,2,3,0
141,1,60,0,1,2,1,1,1,1,1,1,2,3,0
142,1,60,0,1,1,1,1,1,1,1,1,2,2,0.066
143,1,60,0,1,2,1,1,1,3,1,1,2,3,0.286
144,1,35,0,1,2,1,2,1,1,1,1,2,1,0.208
145,2,60,0,2,2,1,1,1,1,1,1,2,2,0.012
146,1,45,0,1,3,2,1,1,1,1,1,2,1,0.002
147,2,60,0,1,1,1,1,1,1,1,1,2,2,0.004
148,1,45,0,1,2,1,1,1,1,1,1,2,3,0.002
149,1,60,0,1,1,1,1,1,2,1,1,2,3,0
150,2,45,1,1,1,1,2,1,1,1,1,3,3,0.062
151,2,60,1,1,2,3,1,1,1,1,1,2,1,0.138
152,1,60,0,1,1,1,1,1,2,1,1,2,3,0
153,1,65,0,1,1,1,1,1,1,1,1,2,1,0.018
154,2,60,0,1,2,1,1,1,1,1,1,2,3,0
155,1,70,1,1,2,1,1,1,1,1,1,2,1,0.062
156,1,45,0,1,2,1,1,1,1,1,1,2,1,0
157,2,60,0,1,2,1,1,1,1,1,1,2,3,0
158,2,55,0,1,1,1,1,2,1,2,1,2,3,0.142
159,2,60,0,1,1,1,1,1,1,1,1,2,3,0
160,2,60,0,1,4,2,1,1,2,1,1,2,3,0.088
161,1,60,0,1,1,1,1,1,1,1,1,2,3,0
162,1,45,0,1,2,3,1,1,1,1,1,2,2,0.104
163,1,45,0,1,1,1,2,1,1,1,1,2,3,0
164,2,70,0,1,4,2,1,1,1,1,2,2,2,0.292
165,1,45,0,1,2,3,1,1,1,1,1,2,1,0.156
166,1,60,0,1,2,1,1,1,1,1,1,2,3,0
167,2,60,0,1,2,1,1,1,1,1,1,2,3,0
168,2,60,0,1,2,1,1,1,3,1,1,2,3,0.126
169,2,45,0,2,1,1,1,1,1,1,1,2,3,0.034
170,2,60,0,1,2,1,1,1,1,1,1,2,2,0.028
171,1,60,0,1,4,2,1,1,1,1,1,2,3,0.042
172,1,60,0,1,1,1,1,1,1,1,1,2,3,0
173,2,60,0,2,2,1,1,1,1,1,1,2,2,0.012
174,1,60,0,1,2,1,1,2,2,1,2,2,1,0.134
175,1,60,0,1,2,1,1,1,1,1,1,2,1,0.008
176,1,45,0,2,1,1,1,2,1,1,1,2,1,0.09
177,2,45,0,1,2,1,2,1,1,1,1,3,2,0.146
178,2,55,0,1,1,1,1,1,1,1,1,2,2,0.002
179,2,55,0,2,3,2,1,1,1,1,1,2,3,0.124
180,1,65,0,1,4,2,1,1,1,1,1,2,2,0.052
181,1,55,0,1,2,1,2,1,3,1,2,3,3,0.282
182,2,25,0,1,2,1,2,1,1,1,1,3,3,0.34
183,1,45,1,1,2,1,2,1,1,1,1,3,3,0
184,2,60,0,1,2,1,1,1,1,1,1,2,3,0
185,2,45,0,1,1,1,1,1,1,1,2,2,1,0.086
186,2,60,0,1,1,1,1,1,1,1,1,2,3,0
187,1,60,0,2,2,1,1,1,1,1,1,2,1,0.036
188,1,60,0,1,1,1,1,2,1,1,2,2,3,0.138
189,2,45,0,1,1,1,1,1,1,1,1,3,1,0.046
190,1,45,0,1,1,1,1,2,1,1,2,2,1,0.098
191,2,60,0,1,1,1,1,1,1,1,1,2,4,0.264
192,1,45,0,1,3,2,1,1,2,1,1,2,1,0.018
193,1,55,0,1,2,1,1,1,1,1,1,2,3,0
194,2,60,0,1,1,1,1,1,1,1,1,2,1,0
195,2,60,0,1,2,2,1,1,1,1,1,2,3,0
196,2,60,1,1,4,2,1,1,1,1,1,2,1,0.22
197,2,60,0,1,2,1,1,1,1,1,1,2,3,0
198,2,35,0,1,3,2,2,1,1,1,1,2,1,0.12
199,2,65,1,1,2,1,1,1,1,1,1,2,3,0.002
200,1,55,0,1,2,3,1,2,3,2,1,2,3,0.096
201,1,55,0,1,1,1,1,1,2,1,1,2,3,0
202,2,45,0,1,2,1,1,1,1,1,1,2,1,0.048
203,1,60,0,1,4,2,1,1,1,1,1,2,3,0.042
204,2,60,0,1,1,1,1,1,2,1,1,2,2,0.068
205,1,60,0,1,2,1,1,1,1,1,1,2,1,0.008
206,1,60,1,2,2,1,1,1,1,1,1,2,1,0.036
207,2,60,1,1,2,1,1,1,2,1,1,2,3,0
208,2,60,0,1,2,3,1,2,1,2,1,2,2,0.198
209,2,70,0,1,1,1,1,2,1,2,1,2,1,0.022
210,1,70,1,2,1,1,1,1,1,1,1,2,4,0.186
211,1,60,0,1,2,1,1,1,1,1,1,2,3,0
212,1,45,0,2,1,1,1,1,1,1,1,2,1,0.066
213,2,45,0,1,3,1,1,1,1,1,1,2,3,0.048
214,2,60,0,1,1,1,1,2,2,1,1,2,3,0.072
215,1,55,0,1,1,1,1,1,1,1,1,2,3,0
216,2,60,0,1,1,1,1,1,1,1,1,2,3,0
217,1,45,0,1,1,1,1,2,1,2,1,2,1,0.052
218,1,60,0,1,2,1,1,1,2,1,1,2,3,0
219,1,60,0,1,2,1,1,1,1,1,2,2,1,0.316
220,2,60,0,1,2,1,1,2,1,2,1,2,2,0.136
221,2,70,1,1,1,1,1,1,1,1,1,2,2,0.032
222,2,60,0,1,1,1,1,2,1,2,1,2,3,0.006
223,1,60,1,1,4,2,1,1,1,1,1,2,3,0.042
224,2,60,0,1,2,1,1,1,1,1,1,2,3,0
225,2,70,0,1,1,1,1,1,1,1,2,2,2,0.092
226,1,60,0,2,2,1,1,2,1,1,1,2,1,0.02
227,1,60,0,1,1,1,1,1,1,1,1,2,1,0.01
228,1,10,0,1,2,1,1,1,1,1,1,2,1,0.116
229,1,60,0,1,1,1,1,2,1,1,1,2,1,0.05
230,1,60,0,1,3,2,1,2,1,2,1,2,1,0.164
231,1,60,0,2,2,1,1,1,1,1,1,2,1,0.036
232,1,45,0,2,3,1,1,1,1,1,1,2,1,0.082
233,1,25,0,1,1,1,2,1,2,1,1,3,2,0.198
234,1,55,0,1,1,1,2,1,1,2,1,3,4,0.414
235,1,55,1,1,1,1,1,1,3,1,1,1,3,0.1
236,1,55,0,1,1,1,2,1,3,1,1,3,1,0.442
237,2,60,0,2,1,1,1,1,1,1,2,2,4,0.27
238,2,60,0,1,2,1,1,1,1,1,1,1,3,0.016
239,1,60,0,1,3,2,1,1,4,1,1,3,2,0.482
240,1,45,1,1,2,1,1,1,1,1,1,2,1,0
241,1,60,0,1,2,1,1,2,1,2,1,2,4,0.02
242,1,60,0,1,1,1,1,1,1,1,2,2,3,0.104
243,1,45,0,1,3,2,1,1,1,1,1,2,1,0.002
244,2,45,0,1,2,1,2,2,1,1,1,3,2,0.266
245,2,60,0,1,1,1,1,1,2,1,1,2,2,0.068
246,2,60,0,1,1,1,1,1,1,1,1,2,1,0
247,1,35,0,1,1,1,2,1,1,1,1,1,3,0.014
248,1,65,0,1,2,1,2,1,1,1,1,2,4,0.168
249,1,20,0,1,1,1,2,1,1,1,1,3,4,0.014
250,1,60,0,1,2,1,1,1,1,1,1,2,1,0.008
251,1,60,0,1,1,1,1,1,1,1,1,2,3,0
252,1,70,0,1,2,3,1,1,1,1,2,2,2,0.1
253,2,60,0,1,2,1,1,1,1,1,1,2,3,0
254,2,60,0,1,1,1,1,1,1,1,1,2,3,0
255,2,45,0,1,1,1,1,1,1,1,1,2,2,0.006
256,1,60,0,1,2,1,1,1,1,1,1,2,3,0
257,1,60,0,1,1,1,1,1,1,1,1,2,3,0
258,2,60,0,2,3,2,1,1,1,1,1,2,2,0.206
259,1,60,0,1,1,1,1,1,1,1,1,2,3,0
260,2,65,0,1,4,2,1,1,3,1,1,2,1,0.428
261,2,70,0,1,2,1,1,1,1,1,2,2,3,0.164
262,2,60,0,1,1,1,1,1,1,1,1,2,3,0
263,1,60,0,1,1,1,1,1,1,1,2,2,3,0.104
264,2,60,0,1,4,2,1,1,2,1,1,2,3,0.088
265,1,60,0,1,1,1,1,1,1,1,1,2,3,0
266,1,60,0,1,1,1,1,1,1,1,1,2,3,0
267,1,40,0,1,3,2,2,1,1,1,1,2,3,0.048
268,1,55,0,1,3,2,2,1,2,1,1,2,4,0.21
269,1,60,1,1,1,1,1,1,1,1,1,2,3,0
270,1,60,0,1,2,1,1,1,1,1,2,2,2,0.052
271,1,45,0,1,1,1,1,1,1,1,1,2,3,0.016
272,2,55,0,1,1,1,1,1,1,1,1,2,3,0.002
273,1,60,1,1,2,1,1,1,1,1,1,2,3,0
274,1,60,1,1,4,2,1,1,1,1,1,2,1,0.204
275,1,60,1,2,3,2,1,1,1,1,1,2,3,0.026
276,2,55,0,1,3,2,1,1,1,1,1,2,3,0.124
277,1,55,0,1,2,1,1,1,2,1,1,2,3,0.018
278,1,60,0,1,2,1,1,1,1,1,1,2,2,0
279,1,45,0,2,2,1,1,1,1,1,1,2,2,0.052
280,1,35,0,1,2,1,2,2,1,2,2,1,3,0.126
281,1,60,0,1,2,1,1,1,1,1,1,2,1,0.008
282,1,45,0,1,3,2,1,1,1,1,1,2,1,0.002
283,1,35,0,1,1,1,2,1,3,1,1,3,1,0.252
284,1,35,0,1,1,1,2,1,1,1,1,2,1,0.008
285,1,40,1,1,2,1,2,1,1,1,1,3,4,0.086
286,1,60,0,1,2,1,1,1,2,1,1,2,3,0
287,2,60,0,1,1,1,1,1,1,1,1,2,3,0
288,2,60,1,1,4,2,1,1,1,1,2,2,4,0.692
289,1,45,1,2,2,1,2,2,1,1,1,3,1,0.308
290,1,55,0,1,2,1,1,1,1,1,1,2,3,0
291,2,60,0,1,2,1,1,1,1,1,1,2,3,0
292,1,60,0,1,3,2,1,1,2,1,1,2,3,0.012
293,2,60,0,1,2,1,1,1,1,1,1,2,1,0
294,1,45,1,1,1,1,2,1,1,1,1,3,4,0.04
295,1,45,1,1,2,1,2,1,1,1,1,2,3,0
296,2,60,0,1,2,1,1,1,1,1,1,2,3,0
297,1,60,0,1,3,2,1,1,1,1,1,2,3,0.012
298,1,70,0,1,1,1,1,1,1,1,1,2,4,0.158
299,2,55,1,1,1,1,1,1,1,1,1,2,3,0.002
300,1,60,0,1,2,3,1,1,1,1,1,2,3,0.006
301,2,60,0,1,4,2,1,1,1,1,1,2,3,0.002
302,1,55,0,1,2,1,2,1,1,1,1,3,1,0.212
303,2,60,0,1,2,1,1,1,1,1,1,2,4,0.014
304,1,40,1,1,2,1,2,1,3,1,1,2,3,0.026
305,1,45,0,1,3,2,1,1,1,1,1,2,2,0.164
306,1,45,0,1,2,1,1,1,2,1,1,2,2,0.018
307,1,60,0,1,3,2,1,1,1,1,1,2,3,0.012
308,1,45,0,1,1,1,2,1,2,1,1,2,1,0.066
309,1,60,0,1,2,1,1,1,1,1,1,2,3,0
310,2,60,0,2,2,1,1,1,1,1,1,2,3,0
311,1,60,0,1,1,1,1,1,1,1,1,2,2,0.066
312,2,60,0,1,2,1,1,1,1,1,1,2,1,0
313,2,45,0,1,2,1,1,1,1,1,1,2,2,0.032
314,1,60,0,1,2,1,1,1,1,1,1,2,1,0.008
315,2,60,0,1,2,1,1,1,1,1,1,2,3,0
316,1,60,0,1,3,2,1,1,1,1,1,2,1,0
317,1,35,0,1,1,1,2,1,1,1,1,3,1,0.018
318,1,60,0,1,2,1,1,1,1,1,1,2,3,0
319,1,35,0,1,2,1,2,1,1,1,1,3,3,0
320,2,60,0,1,4,2,1,1,1,1,1,2,1,0.22
321,1,45,0,1,2,1,2,1,1,1,1,2,1,0.032
322,1,55,0,1,2,1,2,1,1,1,1,3,4,0.218
323,2,45,1,1,1,1,2,1,1,1,1,2,1,0.07
324,2,60,0,1,2,1,1,1,1,1,2,2,1,0.116
325,1,55,0,1,1,1,1,1,2,1,1,2,3,0
326,1,60,1,1,4,2,1,1,1,1,1,2,3,0.042
327,1,55,0,1,2,1,1,1,1,1,1,2,3,0
328,1,45,0,1,1,1,2,1,1,1,1,2,1,0.002
329,1,45,0,1,2,1,1,1,1,1,1,2,2,0.004
330,1,35,1,1,4,2,2,1,1,1,1,2,1,0.216
331,1,35,0,1,1,1,2,1,2,1,1,2,1,0
332,1,60,1,1,2,1,1,1,1,1,1,2,3,0
333,1,60,0,1,4,2,1,1,1,1,1,2,1,0.204
334,1,60,0,1,2,1,1,1,1,1,1,2,3,0
335,1,60,0,1,2,1,1,1,1,1,1,2,3,0
336,1,60,0,1,2,1,1,1,1,1,1,2,1,0.008
337,2,60,0,2,2,1,1,1,1,1,1,2,2,0.012
338,2,45,0,2,1,1,1,1,2,1,1,2,1,0.012
339,1,40,0,1,2,1,2,1,1,1,1,3,4,0.086
340,1,45,0,1,2,1,2,1,1,1,1,2,1,0.032
341,1,45,0,1,1,1,2,1,1,1,1,2,1,0.002
342,1,45,1,1,2,1,2,1,1,1,1,2,1,0.032
343,1,60,0,2,4,2,1,1,1,1,1,2,3,0.026
344,2,60,0,1,3,2,1,1,3,1,1,2,1,0.352
345,1,70,0,1,2,1,1,1,1,1,1,2,1,0.062
346,1,45,0,1,3,2,1,1,1,1,1,2,1,0.002
347,1,45,0,2,4,2,1,1,1,1,1,2,3,0.086
348,2,65,0,1,2,1,1,1,1,1,1,3,3,0.238
349,2,65,0,1,3,1,1,1,1,1,1,2,3,0.038
350,1,55,0,1,2,1,1,1,1,1,1,2,1,0
351,2,70,0,1,1,1,1,2,1,2,2,2,1,0.084
352,2,70,0,2,1,1,1,1,1,1,1,2,1,0.012
353,1,55,1,1,1,1,2,1,1,1,1,3,2,0.158
354,1,25,0,1,1,1,2,1,1,1,1,3,3,0.068
355,1,60,1,1,2,1,1,1,1,1,1,2,3,0
356,1,70,0,1,2,1,1,2,1,1,2,2,1,0.252
357,2,60,0,1,3,2,1,2,1,2,1,2,3,0.324
358,1,60,0,1,1,1,1,1,1,1,1,2,3,0
359,1,60,0,1,2,1,1,1,1,1,1,2,3,0
360,1,45,1,1,1,1,2,1,1,1,1,2,1,0.002
361,2,60,0,1,2,1,1,1,1,1,1,2,4,0.014
362,2,45,0,1,4,2,1,1,1,1,1,2,2,0.086
363,2,60,0,1,2,1,1,2,2,1,1,2,1,0.222
364,1,60,0,1,3,2,1,1,1,1,1,2,1,0
365,1,60,0,1,3,2,2,1,1,1,1,2,1,0.1
366,1,35,0,1,1,1,2,1,1,1,1,3,3,0.006
367,1,45,0,1,3,1,1,1,1,1,1,2,3,0.08
368,2,55,1,1,2,1,1,1,1,1,1,2,3,0
369,2,55,0,1,3,3,1,1,1,2,1,2,3,0.14
370,1,45,0,1,2,1,2,1,1,1,1,3,1,0.19
371,2,65,1,1,1,1,1,1,2,1,1,2,1,0.04
372,1,60,0,1,2,1,1,1,1,1,1,2,3,0
373,1,60,0,1,2,1,1,1,2,1,1,2,3,0
374,2,45,0,1,1,1,2,1,1,1,2,2,3,0.54
375,2,55,0,2,2,1,2,1,3,1,1,1,3,0.034
376,2,60,0,1,2,1,1,1,3,2,1,2,3,0.168
377,1,65,0,1,3,2,1,1,1,1,1,2,3,0.076
378,1,70,0,1,1,1,1,1,1,1,1,2,1,0.022
379,2,55,0,1,3,1,1,2,1,2,1,2,3,0.1
380,1,60,0,2,2,1,1,1,1,1,1,2,3,0.056
381,2,60,0,1,4,2,1,1,3,1,1,2,3,0.524
382,2,60,1,1,1,1,1,1,1,1,1,2,2,0.004
383,2,45,1,1,1,1,2,1,1,1,1,2,1,0.07
384,1,60,0,1,1,1,1,1,1,1,1,2,4,0.324
385,1,55,1,1,2,1,1,1,1,1,1,2,4,0.118
386,2,60,0,1,4,2,1,2,1,2,2,2,3,0.192
387,1,60,1,1,2,1,1,1,1,1,1,2,3,0
388,2,45,0,2,3,2,1,1,1,1,1,2,1,0.246
389,2,55,1,1,1,1,1,1,1,1,1,2,3,0.002
390,1,55,0,1,2,1,1,1,2,1,1,2,3,0.018
391,2,60,0,1,1,1,1,1,1,1,2,2,3,0.25
392,2,60,0,1,3,2,1,1,1,1,1,2,3,0.016
393,1,60,1,1,1,1,1,1,1,1,1,2,3,0
394,2,60,0,2,2,1,1,1,1,1,1,2,3,0
395,2,60,0,1,3,1,1,1,1,1,1,2,4,0.182
396,2,60,0,1,4,1,1,1,1,1,2,2,3,0.118
397,2,60,0,1,2,1,1,1,1,1,1,2,3,0
398,1,65,0,1,3,1,1,1,1,1,1,2,1,0.048
399,1,45,0,1,3,2,1,1,1,1,1,2,1,0.002
400,2,60,0,1,1,1,1,2,2,2,1,2,3,0.008
401,1,60,0,2,4,3,1,1,1,1,1,2,1,0.388
402,2,60,1,1,2,1,1,1,2,1,1,2,3,0
403,2,60,0,1,2,1,1,1,1,1,1,2,3,0
404,2,60,0,1,2,1,1,1,2,1,1,2,1,0.3
405,2,40,0,2,1,1,2,1,1,1,1,2,1,0.072
406,2,60,0,1,1,1,1,1,1,1,1,2,3,0
407,1,60,0,1,1,1,1,1,1,1,1,2,2,0.066
408,1,55,1,1,2,1,1,1,1,2,1,2,3,0.188
409,2,55,1,1,2,1,1,2,1,2,1,2,3,0
410,1,60,0,1,1,1,1,1,1,1,1,2,1,0.01
411,1,30,0,1,1,1,2,1,1,1,1,3,1,0.032
412,2,50,0,1,2,1,2,1,1,1,1,3,1,0.48
413,2,60,0,1,2,1,1,1,2,1,1,2,3,0
414,1,55,0,1,1,1,1,1,1,1,1,2,3,0
415,1,60,0,1,2,1,1,1,3,1,1,2,3,0.286
416,2,70,0,1,1,1,1,1,1,1,1,2,1,0.038
417,1,45,0,1,4,2,1,1,1,1,1,2,1,0.12
418,2,70,1,2,2,1,1,1,1,1,1,2,1,0.076
419,2,60,0,1,3,2,1,1,1,1,1,2,3,0.016
420,2,60,0,1,3,2,1,1,1,1,1,2,1,0.096
421,2,45,0,1,3,1,1,1,1,1,1,2,1,0.042
422,1,70,1,1,4,2,1,1,1,1,1,2,1,0.216
423,1,45,0,1,1,1,2,1,1,1,1,3,4,0.04
424,2,60,0,1,3,2,1,1,1,1,1,2,3,0.016
425,2,60,0,1,3,1,1,2,2,1,1,2,1,0.178
426,2,60,0,1,2,1,1,1,1,1,1,2,3,0
427,2,60,0,1,2,1,1,1,2,2,1,2,1,0.39
428,2,35,0,1,1,1,2,1,1,1,1,3,3,0.06
429,2,70,0,1,1,1,1,1,1,1,2,2,1,0.162
430,2,70,0,2,2,1,1,1,1,1,1,2,1,0.076
431,1,40,0,1,4,2,2,2,1,1,1,3,2,0.522
432,2,65,0,1,3,1,1,2,1,2,1,2,3,0.038
433,2,60,0,1,2,1,1,1,1,1,1,2,3,0
434,1,45,0,1,4,2,1,1,1,1,1,2,1,0.12
435,1,60,0,1,2,3,1,2,2,1,2,2,3,0.068
436,2,60,0,1,2,1,1,1,2,1,1,2,3,0
437,1,60,0,1,4,3,1,1,1,1,1,2,1,0.146
438,2,60,0,1,2,1,1,2,1,2,1,2,3,0
439,1,60,0,1,3,3,1,2,1,2,2,2,3,0.126
440,1,60,0,1,2,1,1,1,1,1,1,2,3,0
441,1,45,0,2,4,2,1,1,2,1,1,2,1,0.346
442,2,60,1,1,2,1,1,1,1,1,1,2,2,0.028
443,1,45,0,1,1,1,2,1,1,1,1,2,1,0.002
444,1,60,0,1,1,1,1,1,1,1,1,2,3,0
445,2,60,1,1,1,1,1,1,1,1,1,2,1,0
446,2,60,0,1,2,1,1,1,2,1,2,2,3,0.102
447,2,60,0,1,2,1,1,1,1,1,1,2,1,0
448,2,45,0,1,3,1,1,1,1,1,1,2,1,0.042
449,2,60,0,1,4,2,1,1,1,1,2,2,3,0.112
450,2,60,0,1,2,1,1,1,1,1,1,2,2,0.028
451,1,55,0,1,1,1,1,1,2,1,1,2,3,0
452,1,60,1,1,2,1,1,1,2,1,1,2,3,0
453,1,55,1,1,2,1,1,1,1,1,1,2,3,0
454,1,60,0,1,1,1,1,1,1,1,1,2,3,0
455,1,55,0,1,2,1,1,1,1,1,1,2,3,0
456,1,45,0,1,3,2,1,1,1,1,1,2,1,0.002
457,1,60,1,1,2,1,1,1,1,1,1,2,4,0.046
458,2,60,0,1,2,1,1,1,1,1,1,2,3,0
459,1,50,0,1,1,1,2,1,1,1,1,2,1,0.378
460,2,60,0,1,1,1,1,1,1,1,1,2,1,0
461,2,60,0,1,1,1,1,1,2,1,1,2,1,0.048
462,2,45,0,1,3,2,1,1,1,1,1,2,1,0.098
463,1,45,0,1,3,1,2,1,2,1,2,2,3,0.228
464,2,45,0,1,4,2,1,1,1,1,1,2,1,0.35
465,2,70,0,1,2,1,1,2,1,2,1,2,1,0.042
466,1,45,1,1,3,1,2,1,1,1,1,3,1,0.24
467,1,70,0,1,1,1,1,1,1,1,1,2,1,0.022
468,1,70,0,1,3,2,1,1,1,1,1,2,1,0.18
469,2,60,0,1,1,1,1,1,1,1,1,2,3,0
470,2,60,1,1,2,1,1,1,1,1,1,2,3,0
471,2,60,0,1,2,1,1,1,1,1,1,2,3,0
472,2,30,0,1,3,3,2,1,2,1,2,3,1,0.232
473,2,60,0,1,1,1,1,1,1,1,1,2,2,0.004
474,1,60,0,1,2,1,1,1,1,1,1,2,3,0
475,2,60,0,1,2,1,1,1,1,1,1,2,1,0
476,2,60,0,1,2,1,1,1,2,1,1,2,3,0
477,2,60,0,1,3,2,1,1,2,1,1,2,3,0.098
478,1,60,0,1,3,2,1,1,2,1,1,2,3,0.012
479,1,60,1,2,4,3,1,1,1,1,2,2,3,0.138
480,2,60,0,1,2,1,1,2,2,1,1,2,3,0.022
481,2,60,0,1,2,1,1,2,1,2,1,2,3,0
482,1,45,0,1,3,2,1,1,1,1,1,2,1,0.002
483,1,60,0,1,3,2,1,2,1,2,1,2,3,0.232
484,2,60,0,1,2,1,1,1,1,1,1,2,2,0.028
485,2,60,0,1,2,1,1,1,1,1,1,2,3,0
486,2,60,0,2,1,1,1,1,1,1,1,2,3,0
487,2,55,0,1,2,1,1,1,1,1,1,2,3,0
488,2,70,0,1,1,1,1,1,1,1,1,2,1,0.038
489,2,70,0,1,2,1,1,1,1,1,1,2,1,0.002
490,2,35,0,1,2,1,2,1,3,1,1,3,2,0.228
491,2,60,1,1,4,2,1,1,1,2,1,2,3,0.128
492,1,60,0,1,3,2,1,1,1,1,1,2,1,0
493,1,60,0,1,1,1,1,1,1,1,1,2,3,0
494,1,60,0,1,3,3,1,1,1,1,1,2,1,0.058
495,1,60,0,1,2,1,1,2,1,2,1,2,4,0.02
496,2,70,0,1,2,1,1,1,1,1,1,2,1,0.002
497,2,60,1,1,1,1,1,1,1,1,1,2,3,0
498,2,65,0,1,1,1,1,1,1,1,1,2,1,0.012
499,2,60,1,1,3,2,1,1,2,1,1,2,2,0.104
500,2,60,0,2,3,1,1,1,1,1,1,2,1,0.126
501,2,60,0,1,2,1,1,1,2,1,1,2,3,0
502,1,60,0,1,2,1,1,1,1,1,1,2,3,0
503,2,60,0,1,3,2,1,1,2,1,1,2,3,0.098
504,1,45,0,1,1,1,1,2,1,2,1,2,1,0.052
505,2,60,0,1,1,1,1,1,1,1,1,2,3,0
506,2,60,0,1,3,1,1,1,1,1,1,2,3,0.088
507,2,60,0,1,3,2,1,2,1,2,1,2,3,0.324
508,1,45,0,1,3,3,1,1,1,1,1,2,3,0.162
509,1,60,1,1,2,1,1,1,1,1,1,2,3,0
510,1,60,1,1,2,1,1,1,1,1,1,2,3,0
511,1,60,0,1,3,2,1,1,1,1,1,2,3,0.012
512,1,60,0,1,2,1,1,2,1,1,1,2,3,0.006
513,1,60,0,1,3,1,1,1,1,1,1,2,3,0.156
514,2,60,1,1,2,1,1,2,1,2,1,2,3,0
515,1,60,0,1,4,1,1,1,1,1,1,2,3,0.04
516,2,60,0,1,2,1,1,1,1,1,1,2,3,0
517,2,60,0,1,3,2,1,1,2,1,1,2,3,0.098
518,1,60,0,1,3,2,1,1,1,1,1,2,1,0
519,2,35,0,1,2,1,2,1,1,1,1,2,3,0.006
520,2,60,0,1,1,1,1,1,4,1,2,2,3,0.408
521,1,60,1,1,1,1,1,1,1,1,1,2,3,0
522,1,45,1,1,4,2,1,1,1,1,1,2,3,0.016
523,2,60,0,1,1,1,1,2,1,1,2,2,2,0.28
524,1,60,1,1,2,1,1,1,1,1,1,2,3,0
525,2,55,1,1,2,2,2,1,1,1,1,3,4,0.214
526,1,45,0,1,2,3,1,1,1,1,1,2,1,0.156
527,2,60,0,1,2,1,1,1,3,1,1,2,3,0.126
528,2,60,0,1,1,1,1,1,1,1,1,2,2,0.004
529,1,45,0,1,4,2,1,1,1,1,1,2,2,0.05
530,1,45,0,1,1,1,2,1,3,1,1,3,2,0.304
531,2,60,1,1,1,1,2,1,1,1,2,1,3,0.304
532,2,45,0,1,1,1,2,1,1,1,1,2,3,0.01
533,2,60,0,1,1,1,1,1,1,1,1,2,3,0
534,2,60,1,2,3,1,1,1,3,1,1,2,3,0.204
535,1,45,0,1,4,2,1,1,1,1,1,2,3,0.016
536,1,45,0,1,3,2,1,1,1,1,1,2,1,0.002
537,1,45,0,1,3,2,1,1,1,1,1,2,1,0.002
538,1,45,0,1,4,2,1,1,1,1,1,2,3,0.016
539,2,60,0,1,3,2,1,1,1,1,1,2,3,0.016
540,2,60,0,2,3,2,1,1,1,1,2,2,3,0.316
541,1,60,0,1,4,2,1,1,1,1,1,2,3,0.042
542,2,60,0,1,2,1,1,1,1,1,1,2,3,0
543,1,45,0,1,3,2,2,1,1,1,1,2,1,0.092
544,1,60,0,1,4,2,1,1,1,1,1,2,3,0.042
545,1,45,0,1,2,3,1,1,1,1,1,2,3,0.054
546,1,60,0,1,4,1,1,1,1,1,1,2,3,0.04
547,2,60,0,1,1,1,1,1,1,1,1,2,4,0.264
548,1,60,0,1,2,1,1,1,1,1,1,2,3,0
549,1,55,0,1,1,1,1,1,2,1,1,2,3,0
550,1,60,0,1,1,1,1,1,2,1,1,2,3,0
551,1,60,0,1,2,1,1,1,1,1,1,2,3,0
552,2,60,0,1,2,1,1,1,1,1,1,2,3,0
553,1,60,1,1,4,3,1,1,1,1,1,2,1,0.146
554,1,25,0,1,1,1,2,1,3,1,1,3,1,0.2
555,2,60,1,1,4,2,1,1,1,1,2,2,4,0.692
556,1,45,0,2,3,2,1,1,1,1,1,2,3,0.158
557,1,45,0,1,3,2,1,1,1,1,1,2,3,0.084
558,1,65,0,1,3,2,1,1,3,1,1,2,1,0.554
559,1,60,0,1,3,2,1,2,1,2,1,2,3,0.232
560,1,60,0,1,3,2,1,1,1,1,1,2,1,0
561,1,60,1,1,2,1,1,1,1,1,1,2,3,0
562,1,45,1,1,4,2,1,1,1,1,1,2,3,0.016
563,2,45,0,1,3,2,1,1,1,1,1,2,3,0.062
564,1,60,0,1,3,2,1,1,2,1,1,2,3,0.012
565,2,60,0,1,2,1,1,1,2,1,2,2,3,0.102
566,2,65,0,1,2,1,1,2,1,1,1,2,3,0.064
567,2,45,0,1,1,1,2,1,1,1,1,3,2,0.028
568,1,60,1,1,2,1,1,1,1,1,1,2,4,0.046
569,2,60,0,1,2,1,1,1,1,1,1,2,1,0
570,1,35,1,1,1,1,2,1,3,1,1,3,1,0.252
571,1,65,0,2,1,1,1,1,1,1,1,2,1,0.22
572,2,45,0,1,1,1,2,1,1,1,1,3,1,0.034
573,2,60,1,1,2,1,1,1,1,1,1,2,1,0
574,1,60,0,1,2,1,1,1,1,1,2,2,2,0.052
575,2,60,0,1,2,1,1,1,1,1,1,2,3,0
576,1,45,0,1,3,2,1,1,1,1,1,2,1,0.002
577,1,60,0,1,2,1,1,1,1,1,1,2,3,0
578,2,60,1,1,2,1,1,1,1,1,1,2,3,0
579,2,60,1,1,4,2,1,1,1,1,1,2,3,0.002
580,1,60,0,1,1,1,1,1,1,1,1,2,1,0.01
581,2,60,1,1,3,2,1,1,1,1,1,2,3,0.016
582,2,60,0,1,1,1,1,1,1,1,2,2,3,0.25
583,1,60,0,1,3,2,1,1,1,1,1,2,1,0
584,1,65,0,1,2,2,1,1,1,1,1,2,1,0.046
585,2,60,0,1,2,1,1,1,1,1,2,2,3,0.018
586,1,45,0,1,3,2,1,1,1,1,2,2,1,0.132
587,1,30,0,1,2,1,2,1,1,1,1,3,3,0.1
588,2,60,0,1,2,1,1,1,1,1,1,2,3,0
589,2,60,0,1,2,1,1,1,1,1,1,2,3,0
590,1,60,0,2,3,2,1,1,2,1,1,2,3,0.05
591,2,60,1,1,2,1,1,1,2,1,1,2,3,0
592,2,60,1,1,4,2,1,1,1,1,1,2,3,0.002
593,1,60,0,2,4,2,1,1,1,1,1,2,1,0.312
594,2,60,1,2,2,1,1,1,1,1,1,2,1,0.002
595,1,70,1,1,4,2,1,1,1,1,1,2,3,0.102
596,1,45,1,2,3,2,2,1,1,1,1,2,3,0.27
597,2,60,0,1,2,2,1,1,1,1,2,2,3,0.01
598,2,60,0,1,3,2,1,2,2,2,1,2,3,0.236
599,2,60,0,2,4,2,1,1,1,1,1,2,3,0
600,2,60,0,2,3,1,1,1,1,1,1,2,1,0.126
601,1,60,0,1,1,1,1,1,1,1,1,2,3,0
602,2,60,0,1,1,1,1,1,1,1,1,2,3,0
603,2,65,0,1,3,2,1,2,3,2,1,2,4,0.502
604,2,60,0,1,2,1,1,1,1,1,1,2,3,0
605,2,60,0,1,2,1,1,1,1,1,1,2,3,0
606,1,45,0,1,1,1,2,1,1,1,1,1,3,0.006
607,2,60,0,1,1,1,1,1,1,1,1,2,3,0
608,2,60,0,1,1,1,1,1,1,1,1,2,3,0
609,1,60,1,1,2,1,1,1,1,1,1,2,3,0
610,2,60,0,1,2,1,1,1,1,1,1,2,3,0
611,2,55,0,1,1,1,1,1,1,1,1,2,3,0.002
612,2,60,0,1,2,2,1,2,1,2,1,2,3,0.062
613,2,60,0,1,2,1,1,2,2,2,1,2,2,0.076
614,2,55,0,1,2,1,1,2,1,2,1,2,3,0
615,2,60,0,1,2,1,1,2,1,2,1,2,1,0.124
616,1,60,0,1,1,1,1,1,1,1,1,2,3,0
617,1,45,0,1,1,1,1,1,1,1,2,2,1,0.068
618,1,45,0,1,4,2,1,1,1,1,1,2,1,0.12
619,1,45,0,1,3,2,1,1,1,1,1,2,1,0.002
620,2,60,0,2,3,2,1,1,2,1,1,2,3,0.184
621,2,60,0,2,3,3,1,1,1,1,1,2,3,0.144
622,2,60,0,1,3,2,1,1,3,1,1,2,3,0.434
623,1,60,0,1,2,1,1,1,1,1,1,2,3,0
624,1,60,0,1,3,2,1,1,1,1,1,2,1,0
625,2,60,0,2,3,1,1,1,2,1,1,2,3,0.158
626,2,30,0,2,2,1,2,1,1,1,1,3,1,0.13
627,2,70,0,1,1,1,1,1,1,1,1,2,1,0.038
628,1,60,0,1,4,2,1,1,1,1,2,2,3,0.47
629,2,45,0,2,1,1,2,2,1,2,1,3,1,0.248
630,2,60,0,1,2,1,1,1,1,1,1,2,2,0.028
631,1,45,0,1,1,1,1,1,2,1,1,2,1,0.016
632,2,60,1,1,1,1,1,2,2,2,1,2,2,0.108
633,2,60,1,1,3,2,1,1,1,1,1,2,3,0.016
634,1,35,0,1,3,2,2,1,1,1,1,3,4,0.482
635,2,60,0,1,1,1,1,1,1,1,1,2,2,0.004
636,1,70,0,1,2,1,1,1,2,1,1,2,1,0.108
637,1,45,0,1,3,2,1,1,1,1,1,2,3,0.084
638,1,45,0,1,4,2,1,1,1,1,1,2,1,0.12
639,1,60,1,1,3,2,1,2,1,2,1,2,4,0.286
640,1,35,0,1,2,1,2,1,1,1,1,3,2,0.418
641,2,45,0,2,3,2,1,1,1,1,1,2,3,0.084
642,2,45,0,1,2,1,1,1,1,1,1,2,3,0.002
643,2,60,0,2,4,2,1,1,1,1,1,2,2,0.08
644,1,45,0,1,4,2,1,1,1,1,1,2,1,0.12
645,2,60,0,1,3,2,1,1,1,1,1,2,3,0.016
646,1,60,1,1,3,2,1,1,1,1,1,2,3,0.012
647,1,60,0,2,3,2,1,1,1,1,1,2,3,0.026
648,2,60,0,1,3,2,1,1,2,1,1,2,3,0.098
649,2,60,0,1,4,2,1,1,1,1,1,2,3,0.002
650,1,55,0,1,2,1,2,1,1,1,1,3,1,0.212
651,1,60,0,1,1,1,1,1,3,1,1,2,3,0.172
652,2,60,0,1,4,1,1,1,1,1,1,2,3,0.018
653,1,70,0,1,1,1,1,1,1,1,1,2,1,0.022
654,1,45,0,1,3,2,1,1,1,1,1,2,1,0.002
655,2,60,0,1,2,1,1,2,1,2,2,2,3,0.002
656,2,55,0,1,2,2,1,1,1,1,1,2,2,0.034
657,1,45,0,1,3,2,1,1,1,1,1,2,1,0.002
658,1,60,1,1,3,2,1,1,1,1,1,2,1,0
659,1,45,0,1,2,3,1,1,1,1,1,2,1,0.156
660,2,60,0,2,3,2,1,1,1,1,1,2,3,0.062
661,2,60,0,1,4,2,1,1,1,1,1,2,3,0.002
662,2,60,1,1,1,1,1,2,2,2,1,2,3,0.008
663,1,60,0,1,2,1,1,1,1,1,1,2,3,0
664,1,45,0,1,1,1,1,1,1,1,1,2,1,0.032
665,2,25,0,1,1,1,2,2,3,1,1,1,3,0.156
666,2,60,1,2,2,1,1,1,2,1,1,2,3,0.008
667,1,60,1,1,2,2,1,1,1,1,2,2,2,0.076
668,2,60,0,1,2,1,1,1,1,1,1,2,2,0.028
669,1,60,0,1,2,1,1,1,2,1,1,2,3,0
670,2,60,0,1,2,2,1,2,1,2,1,2,3,0.062
671,1,60,0,1,1,1,1,1,2,1,1,2,3,0
672,1,70,0,1,2,1,1,1,1,1,1,2,1,0.062
673,2,60,0,1,1,1,1,1,2,1,1,2,3,0.088
674,2,55,0,1,2,1,1,1,1,1,1,2,3,0
675,1,60,0,1,1,1,1,2,1,1,1,2,3,0.102
676,2,60,0,1,2,1,1,2,1,2,1,2,3,0
677,2,60,0,2,2,1,1,1,1,1,1,2,3,0
678,1,55,1,1,1,1,2,1,1,1,1,3,3,0.314
679,2,60,1,1,2,1,1,1,1,1,1,2,3,0
680,1,45,0,1,2,1,1,1,1,1,1,2,1,0
681,2,60,0,1,1,1,1,1,1,1,1,2,3,0
682,2,60,0,1,1,1,1,2,1,2,1,2,3,0.006
683,2,60,0,1,2,1,1,1,1,1,1,2,3,0
684,1,45,1,1,3,2,1,1,1,1,1,2,1,0.002
685,1,60,0,1,1,1,1,2,1,2,1,2,3,0.114
686,1,60,0,1,3,2,1,1,1,1,1,2,3,0.012
687,1,60,0,1,2,2,1,1,3,1,1,2,3,0.19
688,2,60,1,1,2,1,1,2,1,2,1,2,3,0
689,1,35,0,1,1,1,2,1,3,1,2,2,4,0.254
690,2,55,0,1,1,1,1,2,1,2,1,2,3,0.142
691,2,60,0,1,1,1,1,1,1,1,1,2,3,0
692,1,60,0,1,2,1,1,1,1,1,1,2,3,0
693,1,60,0,1,2,1,1,1,1,1,1,2,1,0.008
